{"mus_vol": 0.30000000000000004, "s_vol": 0.30000000000000004}